Workbook

Sheet Lakes
A1: State | B1: Lake | C1: Latitude | D1: Longitude | E1: Coord Conf | F1: Full Pool (ft) | G1: Pool Basis | H1: Pool Conf | I1: Dam | J1: Dam? | K1: Managing Operator | L1: API Level | M1: Release Data Source & URL | N1: USGS Gage | O1: Water Temp — Best Source | P1: Water Temp — Detail | Q1: Notes
A2: AL | B2: Guntersville | C2: 34.42 | D2: -86.26 | E2: High | F2: 595.44 | G2: Full pool | H2: High | I2: ✅ | J2: Yes | K2: TVA | L2: Dedicated | M2: TVA Lake Info — tva.com/environment/lake-levels | N2: Yes | O2: In-situ (USGS / WQP) | P2: USGS NWIS 00010 and/or Water Quality Portal (measured) | Q2: Tennessee R. impoundment
A3: AL | B3: Wheeler | C3: 34.63 | D3: -87.03 | E3: High | F3: 556.3 | G3: Full pool | H3: High | I3: ✅ | J3: Yes | K3: TVA | L3: Dedicated | M3: tva.com/environment/lake-levels | N3: Yes | O3: In-situ (USGS / WQP) | P3: USGS NWIS 00010 and/or Water Quality Portal (measured) | Q3: Tennessee R.
A4: AL | B4: Wilson | C4: 34.77 | D4: -87.45 | E4: High | F4: 507.88 | G4: Full pool | H4: High | I4: ✅ | J4: Yes | K4: TVA | L4: Dedicated | M4: tva.com/environment/lake-levels | N4: Yes | O4: In-situ (USGS / WQP) | P4: USGS NWIS 00010 and/or Water Quality Portal (measured) | Q4: Tennessee R.
A5: AL | B5: Pickwick | C5: 34.95 | D5: -88.1 | E5: High | F5: 414 | G5: Full pool | H5: High | I5: ✅ | J5: Yes | K5: TVA | L5: Dedicated | M5: tva.com/environment/lake-levels | N5: Yes | O5: In-situ (USGS / WQP) | P5: USGS NWIS 00010 and/or Water Quality Portal (measured) | Q5: Tennessee R.
A6: AL | B6: Weiss | C6: 34.18 | D6: -85.65 | E6: High | F6: 564 | G6: Full pool | H6: High | I6: ✅ | J6: Yes | K6: Alabama Power | L6: USGS-only | M6: apcshorelines.com/lake/weiss + USGS NWIS | N6: Yes | O6: In-situ (USGS / WQP) | P6: USGS NWIS 00010 and/or Water Quality Portal (measured) | Q6: Coosa R.; APC level pages, no open API
A7: AL | B7: Lake Martin | C7: 32.7 | D7: -85.92 | E7: High | F7: 490 | G7: Full pool | H7: High | I7: ✅ | J7: Yes | K7: Alabama Power | L7: USGS-only | M7: apcshorelines.com/lake/martin + USGS | N7: Likely | O7: Satellite estimate | P7: Copernicus LSWT 1km / satellite est. (surface only) | Q7: Tallapoosa R. (Martin Dam)
A8: AL | B8: Logan Martin | C8: 33.47 | D8: -86.32 | E8: High | F8: 465 | G8: Full pool | H8: High | I8: ✅ | J8: Yes | K8: Alabama Power | L8: USGS-only | M8: apcshorelines.com/lake/logan-martin + USGS | N8: Yes | O8: In-situ (USGS / WQP) | P8: USGS NWIS 00010 and/or Water Quality Portal (measured) | Q8: Coosa R.
A9: AL | B9: Lay | C9: 33 | D9: -86.52 | E9: Med | F9: 396 | G9: Full pool | H9: High | I9: ✅ | J9: Yes | K9: Alabama Power | L9: USGS-only | M9: apcshorelines.com/lake/lay + USGS | N9: Yes | O9: In-situ (USGS / WQP) | P9: USGS NWIS 00010 and/or Water Quality Portal (measured) | Q9: Coosa R.
A10: AL | B10: Neely Henry | C10: 33.8 | D10: -86.05 | E10: Med | F10: 508 | G10: Full pool | H10: High | I10: ✅ | J10: Yes | K10: Alabama Power | L10: USGS-only | M10: apcshorelines.com/lake/neely-henry + USGS | N10: Yes | O10: In-situ (USGS / WQP) | P10: USGS NWIS 00010 and/or Water Quality Portal (measured) | Q10: Coosa R.
A11: AL | B11: Smith (Lewis Smith) | C11: 34.07 | D11: -87.1 | E11: High | F11: 510 | G11: Full pool | H11: High | I11: ✅ | J11: Yes | K11: Alabama Power | L11: USGS-only | M11: apcshorelines.com/lake/smith + USGS | N11: Likely | O11: Satellite estimate | P11: Copernicus LSWT 1km / satellite est. (surface only) | Q11: Sipsey Fork/Warrior R.
A12: AL | B12: Eufaula / W.F. George | C12: 31.9 | D12: -85.1 | E12: High | F12: 190 | G12: Full pool | H12: High | I12: ✅ | J12: Yes | K12: USACE Mobile | L12: Dedicated | M12: water.usace.army.mil/office/sam + USGS | N12: Yes | O12: In-situ (USGS / WQP) | P12: USGS NWIS 00010 and/or Water Quality Portal (measured) | Q12: Chattahoochee R.
A13: AL | B13: Jordan | C13: 32.62 | D13: -86.26 | E13: Med | F13: 252 | G13: Full pool | H13: High | I13: ✅ | J13: Yes | K13: Alabama Power | L13: USGS-only | M13: apcshorelines.com/lake/jordan + USGS | N13: Likely | O13: Satellite estimate | P13: Copernicus LSWT 1km / satellite est. (surface only) | Q13: Coosa R.
... A648: WY | B648: Alcova Reservoir | C648: 42.54 | D648: -106.75 | E648: Med | F648: 5500 | G648: Full pool | H648: High | I648: ✅ | J648: Yes | K648: USBR | L648: Dedicated | M648: USBR RISE — data.usbr.gov | N648: Yes | O648: In-situ (USGS / WQP) | P648: USGS NWIS 00010 and/or Water Quality Portal (measured) | Q648: N. Platte R.

Sheet Summary
A1: Sector — Lakes: Coordinates, Full Pool, Dams, Release APIs & Water-Temp
A2: 647 lakes. Full pool = normal reservoir pool elev (ft); natural lakes show normal surface elev (Pool Basis flags which).
A4: Dam vs. No-Dam
A5: Metric | B5: Count | C5: Share
A6: Total lakes | B6: =COUNTA(Lakes!$B$2:$B$648) -> 647
A7: Has a dam | B7: =COUNTIF(Lakes!$J$2:$J$648,"Yes") -> 422 | C7: =B7/$B$6 -> 0.65224111
A8: No dam (natural) | B8: =COUNTIF(Lakes!$J$2:$J$648,"No") -> 225 | C8: =B8/$B$6 -> 0.34775889
A10: Full-pool data
A11: Basis | B11: Count | C11: Share
A12: Managed full pool (reservoir) | B12: =COUNTIF(Lakes!$G$2:$G$648,"Full pool") -> 450 | C12: =B12/$B$6 -> 0.69551777
A13: Natural surface elevation | B13: =COUNTIF(Lakes!$G$2:$G$648,"Natural surface") -> 197 | C13: =B13/$B$6 -> 0.30448223
A14: High-confidence elevations | B14: =COUNTIF(Lakes!$H$2:$H$648,"High") -> 281 | C14: =B14/$B$6 -> 0.43431221
A15: Med-confidence elevations | B15: =COUNTIF(Lakes!$H$2:$H$648,"Med") -> 213 | C15: =B15/$B$6 -> 0.32921175
A16: Low-confidence (verify) | B16: =COUNTIF(Lakes!$H$2:$H$648,"Low") -> 153 | C16: =B16/$B$6 -> 0.23647604
A18: Release-Data API availability
A19: API Level | B19: Count | C19: Share
A20: Dedicated operator API/feed | B20: =COUNTIF(Lakes!$L$2:$L$648,"Dedicated") -> 291 | C20: =B20/$B$6 -> 0.44976816
A21: USGS-only (NWIS gage) | B21: =COUNTIF(Lakes!$L$2:$L$648,"USGS-only") -> 191 | C21: =B21/$B$6 -> 0.29520866
A22: None | B22: =COUNTIF(Lakes!$L$2:$L$648,"None") -> 165 | C22: =B22/$B$6 -> 0.25502318
A23: Any programmatic release data | B23: =B20+B21 -> 482 | C23: =B23/$B$6 -> 0.74497682
A26: Water-temperature source
A27: Tier | B27: Count | C27: Share
A28: Buoy / in-situ real-time | B28: =COUNTIF(Lakes!$O$2:$O$648,"Buoy / in-situ (real-time)") -> 35 | C28: =B28/$B$6 -> 0.054095827
A29: In-situ measured (USGS/WQP) | B29: =COUNTIF(Lakes!$O$2:$O$648,"In-situ (USGS / WQP)") -> 305 | C29: =B29/$B$6 -> 0.47140649
A30: Satellite estimate | B30: =COUNTIF(Lakes!$O$2:$O$648,"Satellite estimate") -> 270 | C30: =B30/$B$6 -> 0.41731066
A31: Limited / none | B31: =COUNTIF(Lakes!$O$2:$O$648,"Limited / none") -> 37 | C31: =B31/$B$6 -> 0.057187017
A33: Full-pool datum varies by operator (msl/NGVD29/NAVD88); values are reference elevations. Verify Low-confidence rows before production.
